test,w1_status,w1_elapsed_sec
tests/regress/mcsat/0e4fd0ab.smt2,ok,0.014194916
tests/regress/mcsat/32_1_cilled_ok_nondet_linux-3.4-32_1-drivers--input--keyboard--gpio_keys_polled.ko-ldv_main0_sequence_infinite_withcheck_stateful.cil.out_smt-query.0.smt2,ok,0.047090583
tests/regress/mcsat/80b4dce0.smt2,ok,0.093277166
tests/regress/mcsat/arrays/arr1.smt2,ok,0.033792333
tests/regress/mcsat/arrays/arrays0.smt2,ok,0.015652000
tests/regress/mcsat/arrays/arrays1.smt2,ok,0.016193834
tests/regress/mcsat/arrays/arrays2.smt2,ok,0.016179958
tests/regress/mcsat/arrays/arrays3.smt2,ok,0.019095333
tests/regress/mcsat/arrays/arrays4.smt2,ok,0.016849917
tests/regress/mcsat/arrays/arrays5.ys,ok,0.016261334
tests/regress/mcsat/arrays/arrays6.ys,ok,0.017277834
tests/regress/mcsat/arrays/arrays_extensionality_no_selects.smt2,ok,0.012851250
tests/regress/mcsat/arrays/arrays_extensionality_no_selects_unsat.smt2,ok,0.015062834
tests/regress/mcsat/arrays/aviad_true-alloca_true-termination.c.i.partial.smt2,ok,8.513221125
tests/regress/mcsat/arrays/bool-array.smt2,ok,0.044716875
tests/regress/mcsat/arrays/example_weqa.smt2,ok,0.039519709
tests/regress/mcsat/arrays/frugal10.ys,ok,0.044619666
tests/regress/mcsat/arrays/frugal10a.ys,ok,0.089568792
tests/regress/mcsat/arrays/frugal10bool.ys,ok,0.180772250
tests/regress/mcsat/arrays/linux-4.0-rc1---kernel--locking--locktorture.ko.cil_smt-query.1.smt2,ok,17.264020083
tests/regress/mcsat/arrays/read_over_weak_eq_lemma.smt2,ok,0.019616458
tests/regress/mcsat/arrays/read_over_weak_eq_lemma_2.smt2,ok,0.019064791
tests/regress/mcsat/arrays/storecomm_t2_np_sf_ai_00060_009.cvc.smt2,ok,0.715316208
tests/regress/mcsat/arrays/trivially_unsat.smt2,ok,0.018710166
tests/regress/mcsat/arrays/unsat_with_decisions.smt2,ok,0.020921208
tests/regress/mcsat/bool/assumptions/test01.smt2,ok,0.022702208
tests/regress/mcsat/bool/assumptions/test01m.smt2,ok,0.026011792
tests/regress/mcsat/bool/assumptions/test02.smt2,ok,0.022574041
tests/regress/mcsat/bool/assumptions/test02m.smt2,ok,0.021379834
tests/regress/mcsat/bool/assumptions/test03.smt2,ok,0.024142666
tests/regress/mcsat/bool/assumptions/test03m.smt2,ok,0.030320500
tests/regress/mcsat/bool/assumptions/test04.smt2,ok,0.023110333
tests/regress/mcsat/bool/assumptions/test04m.smt2,ok,0.027328958
tests/regress/mcsat/bool/assumptions/test05.smt2,ok,0.028255209
tests/regress/mcsat/bool/assumptions/test05m.smt2,ok,0.023502375
tests/regress/mcsat/bool/assumptions/test06.smt2,ok,0.022144792
tests/regress/mcsat/bool/bool_00.smt2,ok,0.019440917
tests/regress/mcsat/bool/bool_01.smt2,ok,0.019142917
tests/regress/mcsat/bool/bool_02.smt2,ok,0.016108208
tests/regress/mcsat/bool/bool_03.smt2,ok,0.020767166
tests/regress/mcsat/bool/bool_04.smt2,ok,0.015608000
tests/regress/mcsat/bool/bool_05.smt2,ok,0.017381541
tests/regress/mcsat/bool/bool_06.smt2,ok,0.020313750
tests/regress/mcsat/bool/bool_07.smt2,ok,0.017968917
tests/regress/mcsat/bool/bool_08.smt2,ok,0.019257334
tests/regress/mcsat/bool/bool_09.smt2,ok,0.019717667
tests/regress/mcsat/bool/bool_10.smt2,ok,0.019097458
tests/regress/mcsat/bool/bool_11.smt2,ok,0.018365458
tests/regress/mcsat/bool/bool_12.smt2,ok,0.018498875
tests/regress/mcsat/bool/bool_13.smt2,ok,0.018291208
tests/regress/mcsat/bool/bool_14.smt2,ok,0.019244375
tests/regress/mcsat/bool/bool_15.smt2,ok,0.016508000
tests/regress/mcsat/bool/bool_16.smt2,ok,0.017288542
tests/regress/mcsat/bool/bool_17.smt2,ok,0.021896250
tests/regress/mcsat/bool/bool_18.smt2,ok,0.019764042
tests/regress/mcsat/bool/bool_19.smt2,ok,0.022058792
tests/regress/mcsat/bool/bool_20.smt2,ok,0.021946291
tests/regress/mcsat/bool/bool_21.smt2,ok,0.022693000
tests/regress/mcsat/bool/bool_22.smt2,ok,0.021018916
tests/regress/mcsat/bool/bool_23.smt2,ok,0.022164375
tests/regress/mcsat/bool/bool_24.smt2,ok,0.021229083
tests/regress/mcsat/bool/bool_25.smt2,ok,0.027655834
tests/regress/mcsat/bool/bool_26.smt2,ok,0.266501458
tests/regress/mcsat/bool/bool_27.smt2,ok,0.033756875
tests/regress/mcsat/bool/bool_28.smt2,ok,0.045972042
tests/regress/mcsat/bool/bool_29.smt2,ok,0.042359625
tests/regress/mcsat/bool/bool_gc_test_00.smt2,ok,0.029633834
tests/regress/mcsat/bool/bool_gc_test_01.smt2,ok,0.054584250
tests/regress/mcsat/bool/bool_random_200vars.01.smt2,ok,0.595996166
tests/regress/mcsat/bool/bool_random_200vars.02.smt2,ok,0.616270875
tests/regress/mcsat/bool/bool_random_200vars.03.smt2,ok,0.842826667
tests/regress/mcsat/bool/bool_random_200vars.04.smt2,ok,0.495042667
tests/regress/mcsat/bool/bool_random_200vars.05.smt2,ok,0.503452125
tests/regress/mcsat/bool/bool_random_200vars.06.smt2,ok,0.495982958
tests/regress/mcsat/bool/bool_random_200vars.07.smt2,ok,0.394128916
tests/regress/mcsat/bool/bool_random_200vars.08.smt2,ok,0.384372250
tests/regress/mcsat/bool/bool_random_200vars.09.smt2,ok,0.312383375
tests/regress/mcsat/bool/bool_random_200vars.10.smt2,ok,0.474360084
tests/regress/mcsat/bool_eq_solve.smt2,ok,0.051822458
tests/regress/mcsat/bv/QF_BV_needham.2.prop3_cc_ref_max.smt2,ok,2.287401166
tests/regress/mcsat/bv/Sz512_15128_7.smt2,ok,0.150630250
tests/regress/mcsat/bv/VS3-benchmark-A7.smt2.dd.smt2,ok,0.042497958
tests/regress/mcsat/bv/a417test0013.smt2,ok,0.048519541
tests/regress/mcsat/bv/assumptions/issue226.a.smt2,ok,0.048652458
tests/regress/mcsat/bv/assumptions/issue226.b.smt2,ok,0.047509500
tests/regress/mcsat/bv/assumptions/issue227.smt2,ok,0.052917959
tests/regress/mcsat/bv/assumptions/issue233.smt2,ok,0.037865333
tests/regress/mcsat/bv/assumptions/issue242.smt2,ok,0.037386208
tests/regress/mcsat/bv/assumptions/issue249.a.smt2,ok,0.044742584
tests/regress/mcsat/bv/assumptions/issue249.smt2,ok,0.029564875
tests/regress/mcsat/bv/assumptions/test01m.smt2,ok,0.051757541
tests/regress/mcsat/bv/assumptions/test02m.smt2,ok,0.067710875
tests/regress/mcsat/bv/assumptions/test03m.smt2,ok,0.038979875
tests/regress/mcsat/bv/assumptions/test04m.smt2,ok,0.033260791
tests/regress/mcsat/bv/assumptions/test05m.smt2,ok,0.049083083
tests/regress/mcsat/bv/assumptions/test06m.smt2,ok,0.032599417
tests/regress/mcsat/bv/bench_1011.smt2.dd.smt2,ok,0.064073416
tests/regress/mcsat/bv/bench_1145.smt2.dd.smt2,ok,0.028596584
tests/regress/mcsat/bv/bench_1147.smt2.dd.smt2,ok,0.029276500
tests/regress/mcsat/bv/bench_1150.smt2.dd.smt2,ok,0.037466750
tests/regress/mcsat/bv/bench_1152.smt2.dd.smt2,ok,0.049263958
tests/regress/mcsat/bv/bench_1212.smt2,ok,0.038660500
tests/regress/mcsat/bv/bench_1226.smt2,ok,0.084935584
tests/regress/mcsat/bv/bench_1398.smt2,ok,0.069158417
tests/regress/mcsat/bv/bench_1688.smt2,ok,0.084539958
tests/regress/mcsat/bv/bench_1721.smt2,ok,0.026847084
tests/regress/mcsat/bv/bench_1786.smt2,ok,0.030617375
tests/regress/mcsat/bv/bench_1787.smt2,ok,0.093867917
tests/regress/mcsat/bv/bench_1794.smt2,ok,0.121622042
tests/regress/mcsat/bv/bench_216.smt2,ok,0.096793541
tests/regress/mcsat/bv/bench_2449.smt2,ok,0.217324000
tests/regress/mcsat/bv/bench_2476.smt2.dd.smt2,ok,0.031386125
tests/regress/mcsat/bv/bench_2483.smt2.dd.smt2,ok,0.052772708
tests/regress/mcsat/bv/bench_2633.smt2,ok,0.650761416
tests/regress/mcsat/bv/bench_2969.smt2,ok,0.369376500
tests/regress/mcsat/bv/bench_3091.smt2,ok,0.373657041
tests/regress/mcsat/bv/bench_339.smt2.dd.smt2,ok,0.021035583
tests/regress/mcsat/bv/bench_40.smt2,ok,0.375949542
tests/regress/mcsat/bv/bench_42.smt2,ok,0.033269167
tests/regress/mcsat/bv/bench_47.smt2,ok,0.401154083
tests/regress/mcsat/bv/bench_49.smt2,ok,0.046328333
tests/regress/mcsat/bv/bench_6530.smt2.dd.smt2,ok,0.473723917
tests/regress/mcsat/bv/bench_725.smt2,ok,0.066125667
tests/regress/mcsat/bv/bench_8107.smt2,ok,0.415227625
tests/regress/mcsat/bv/bench_962.smt2.dd.smt2,ok,0.033154375
tests/regress/mcsat/bv/bgpd_bgpd_vc75770.smt2,ok,0.050181875
tests/regress/mcsat/bv/bin_eventlogadm_vc330983.smt2.dd.smt2,ok,0.057544792
tests/regress/mcsat/bv/bin_eventlogadm_vc331184.smt2,ok,1.812780625
tests/regress/mcsat/bv/bin_eventlogadm_vc331208.smt2,ok,1.662703000
tests/regress/mcsat/bv/bin_eventlogadm_vc354398.smt2.dd.smt2,ok,0.036711708
tests/regress/mcsat/bv/bin_libmsrpc_vc1225397.smt2,ok,1.118944708
tests/regress/mcsat/bv/bin_libmsrpc_vc1228580.smt2.dd.smt2,ok,0.038712291
tests/regress/mcsat/bv/bin_libsmbclient_vc1225069.smt2.dd.smt2,ok,0.051202625
tests/regress/mcsat/bv/bin_libsmbsharemodes_vc6199.smt2,ok,0.682577833
tests/regress/mcsat/bv/bin_libsmbsharemodes_vc6239.smt2,ok,0.347763708
tests/regress/mcsat/bv/bin_libsmbsharemodes_vc6282.smt2,ok,0.040077708
tests/regress/mcsat/bv/bin_libsmbsharemodes_vc7071.smt2,ok,0.385629834
tests/regress/mcsat/bv/bin_libsmbsharemodes_vc7717.smt2.dd.smt2,ok,0.028130833
tests/regress/mcsat/bv/bit-reversal.smt2.dd.smt2,ok,0.052313458
tests/regress/mcsat/bv/bitops0.smt2,ok,0.043717208
tests/regress/mcsat/bv/bitrev2048.smt2,ok,0.036569375
tests/regress/mcsat/bv/bitvec3.smt2,ok,0.028230542
tests/regress/mcsat/bv/bv_bool_const_interaction.smt2,ok,0.038112750
tests/regress/mcsat/bv/bv_bool_interaction.smt2,ok,0.070189542
tests/regress/mcsat/bv/bv_bool_value_interaction.smt2,ok,0.068894583
tests/regress/mcsat/bv/com.galois.ecc.P384ECC64.ec_twin_mul_aux2.short.smt2.dd.smt2,ok,0.085458625
tests/regress/mcsat/bv/com.galois.ecc.P384ECC64.ec_twin_mul_aux26.short.smt2.dd.smt2,ok,0.089220375
tests/regress/mcsat/bv/conflict_01.smt2,ok,0.137162208
tests/regress/mcsat/bv/convert-jpg2gif-query-1435.smt2.dd.smt2,ok,0.055217667
tests/regress/mcsat/bv/convert-jpg2gif-query-2122.smt2.dd.smt2,ok,0.087328333
tests/regress/mcsat/bv/countbitsrotate016.smt2,ok,0.079473125
tests/regress/mcsat/bv/counterexample.dump.ia32_Mul_base_disp--Add32.load32.Mul32.Mulh_u32.0005.smt2,ok,0.057961375
tests/regress/mcsat/bv/cvs_vc105433.smt2.dd.smt2,ok,0.101851791
tests/regress/mcsat/bv/cvs_vc71402.smt2,ok,0.111368209
tests/regress/mcsat/bv/distrib64.sf.smt2,ok,0.033377500
tests/regress/mcsat/bv/e1.c.smt2,ok,0.043256000
tests/regress/mcsat/bv/ext_con_004_001_0016.smt2,ok,0.028207708
tests/regress/mcsat/bv/ext_con_016_002_0064.smt2,ok,0.129709500
tests/regress/mcsat/bv/extconc1.smt2,ok,0.046873958
tests/regress/mcsat/bv/extconc2.smt2,ok,0.095880708
tests/regress/mcsat/bv/extconc3.smt2,ok,0.096472750
tests/regress/mcsat/bv/fuzz00.smt2,ok,0.047608667
tests/regress/mcsat/bv/fuzz01.smt2,ok,0.046684000
tests/regress/mcsat/bv/fuzz02.smt2,ok,0.036016708
tests/regress/mcsat/bv/fuzz03.smt2,ok,0.040440417
tests/regress/mcsat/bv/fuzz04.smt2,ok,0.208137208
tests/regress/mcsat/bv/fuzz05.smt2,ok,0.031758666
tests/regress/mcsat/bv/fuzz06.smt2,ok,0.068098083
tests/regress/mcsat/bv/fuzz07.smt2,ok,0.041181000
tests/regress/mcsat/bv/fuzz08.smt2,ok,0.065025375
tests/regress/mcsat/bv/fuzz09.smt2,ok,0.042788500
tests/regress/mcsat/bv/fuzz10.smt2,ok,0.099586500
tests/regress/mcsat/bv/fuzz11.smt2,ok,0.033452292
tests/regress/mcsat/bv/fuzz12.smt2,ok,0.102479000
tests/regress/mcsat/bv/fuzz13.smt2,ok,0.033845958
tests/regress/mcsat/bv/fuzz14.smt2,ok,0.096656333
tests/regress/mcsat/bv/fuzz15.smt2,ok,0.056115000
tests/regress/mcsat/bv/fuzz16.smt2,ok,0.034909084
tests/regress/mcsat/bv/fuzz17.smt2,ok,0.146659375
tests/regress/mcsat/bv/fuzz17.smt2.dd.smt2,ok,0.042631125
tests/regress/mcsat/bv/fuzz18.smt2,ok,0.067474292
tests/regress/mcsat/bv/fuzz19.smt2,ok,0.393978333
tests/regress/mcsat/bv/fuzz20.smt2,ok,0.035143416
tests/regress/mcsat/bv/fuzz21.smt2,ok,0.072306458
tests/regress/mcsat/bv/fuzz22.smt2,ok,0.065862791
tests/regress/mcsat/bv/fuzz23.smt2,ok,0.062809291
tests/regress/mcsat/bv/fuzz24.smt2,ok,0.037654500
tests/regress/mcsat/bv/fuzz25.smt2,ok,0.038560250
tests/regress/mcsat/bv/fuzz26.smt2,ok,0.032323167
tests/regress/mcsat/bv/fuzz27.smt2,ok,0.030156042
tests/regress/mcsat/bv/fuzz28.smt2,ok,0.026602333
tests/regress/mcsat/bv/fuzz29.smt2,ok,0.028818500
tests/regress/mcsat/bv/fuzz30.smt2,ok,0.184942709
tests/regress/mcsat/bv/fuzz31.smt2,ok,0.039512333
tests/regress/mcsat/bv/fuzz32.smt2,ok,0.094229083
tests/regress/mcsat/bv/fuzz33.smt2,ok,0.150341792
tests/regress/mcsat/bv/fuzz34.smt2,ok,0.043489250
tests/regress/mcsat/bv/fuzz35.smt2,ok,0.106726791
tests/regress/mcsat/bv/fuzz36.smt2,ok,0.043058250
tests/regress/mcsat/bv/fuzz37.smt2,ok,0.062371917
tests/regress/mcsat/bv/fuzz38.smt2,ok,0.043762500
tests/regress/mcsat/bv/fuzz39.smt2,ok,0.061336834
tests/regress/mcsat/bv/fuzz40.smt2,ok,0.533549750
tests/regress/mcsat/bv/fuzz41.smt2,ok,0.036366375
tests/regress/mcsat/bv/fuzz42.smt2,ok,0.048989500
tests/regress/mcsat/bv/fuzz43.smt2,ok,0.056930417
tests/regress/mcsat/bv/fuzz44.smt2,ok,0.051136792
tests/regress/mcsat/bv/fuzz45.smt2,ok,0.039391708
tests/regress/mcsat/bv/fuzz46.smt2,ok,0.036201083
tests/regress/mcsat/bv/fuzz47.smt2,ok,0.031349000
tests/regress/mcsat/bv/fuzz48.smt2,ok,0.034179709
tests/regress/mcsat/bv/fuzz49.smt2,ok,0.026182875
tests/regress/mcsat/bv/fuzz50.smt2,ok,0.030048375
tests/regress/mcsat/bv/fuzz51.smt2,ok,0.029617250
tests/regress/mcsat/bv/fuzz52.smt2,ok,0.025536959
tests/regress/mcsat/bv/fuzz53.smt2,ok,0.022766667
tests/regress/mcsat/bv/fuzz54.smt2,ok,0.036204958
tests/regress/mcsat/bv/fuzz55.smt2,ok,0.027194042
tests/regress/mcsat/bv/fuzz56.smt2,ok,0.051113584
tests/regress/mcsat/bv/fuzz57.smt2,ok,0.058071209
tests/regress/mcsat/bv/fuzz58.smt2,ok,0.040601708
tests/regress/mcsat/bv/fuzz59.smt2,ok,0.082697417
tests/regress/mcsat/bv/fuzz60.smt2,ok,0.036821209
tests/regress/mcsat/bv/fuzz61.smt2,ok,0.067605208
tests/regress/mcsat/bv/fuzz62.smt2,ok,0.058101292
tests/regress/mcsat/bv/fuzz63.smt2,ok,0.059846292
tests/regress/mcsat/bv/fuzz64.smt2,ok,0.049353792
tests/regress/mcsat/bv/fuzz65.smt2,ok,0.057217500
tests/regress/mcsat/bv/fuzz66.smt2,ok,0.063495125
tests/regress/mcsat/bv/fuzz67.smt2,ok,0.081894916
tests/regress/mcsat/bv/fuzz68.smt2,ok,0.035181250
tests/regress/mcsat/bv/fuzz69.smt2,ok,0.065192167
tests/regress/mcsat/bv/fuzz70.smt2,ok,0.025395166
tests/regress/mcsat/bv/fuzz71.smt2,ok,0.023625791
tests/regress/mcsat/bv/fuzz72.smt2,ok,0.029599125
tests/regress/mcsat/bv/fuzz72.smt2.dd.smt2,ok,0.032902458
tests/regress/mcsat/bv/fuzz73.smt2,ok,0.069446042
tests/regress/mcsat/bv/iffyInterleavedModMult-4.smt2,ok,0.046941875
tests/regress/mcsat/bv/innd_innd_vc33561.smt2.dd.smt2,ok,0.061941292
tests/regress/mcsat/bv/innfeed_imapfeed_vc25450.smt2,ok,0.042317958
tests/regress/mcsat/bv/issue127.smt2,ok,0.069097542
tests/regress/mcsat/bv/issue130.smt2,ok,0.065031458
tests/regress/mcsat/bv/issue140.smt2,ok,0.067532125
tests/regress/mcsat/bv/issue141.smt2,ok,0.050845167
tests/regress/mcsat/bv/issue142.smt2,ok,0.038915542
tests/regress/mcsat/bv/issue143.smt2,ok,0.029223125
tests/regress/mcsat/bv/issue145.smt2,ok,0.095452667
tests/regress/mcsat/bv/issue148.smt2,ok,0.054742792
tests/regress/mcsat/bv/issue153.smt2,ok,0.050230459
tests/regress/mcsat/bv/issue154.smt2,ok,0.050443417
tests/regress/mcsat/bv/issue157.smt2,ok,0.039961250
tests/regress/mcsat/bv/issue159.smt2,ok,0.065107042
tests/regress/mcsat/bv/issue186.smt2,ok,0.059408084
tests/regress/mcsat/bv/issue187.smt2,ok,0.113108166
tests/regress/mcsat/bv/issue191.smt2,ok,0.039718917
tests/regress/mcsat/bv/issue193.small.smt2,ok,0.090331583
tests/regress/mcsat/bv/issue193.smt2,ok,0.099762000
tests/regress/mcsat/bv/issue202.smt2,ok,0.077728917
tests/regress/mcsat/bv/issue241.smt2,ok,3.381417542
tests/regress/mcsat/bv/issue273.smt2,ok,0.249420042
tests/regress/mcsat/bv/lf_bv_formula.smt2.dd.smt2,ok,0.069870791
tests/regress/mcsat/bv/maxandminor008.smt2.dd.smt2,ok,0.066246541
tests/regress/mcsat/bv/minxor008.smt2.dd.smt2,ok,0.025991417
tests/regress/mcsat/bv/mult2.c.20.smt2,ok,2.340889625
tests/regress/mcsat/bv/ndist.a.28483.smt2,ok,0.755595750
tests/regress/mcsat/bv/ndist.a.29481.smt2,ok,0.561283459
tests/regress/mcsat/bv/op_bvadd_1.smt2,ok,0.026565166
tests/regress/mcsat/bv/op_bvadd_2.smt2,ok,0.027344500
tests/regress/mcsat/bv/op_bvadd_3.smt2,ok,0.033178333
tests/regress/mcsat/bv/op_bvadd_4.smt2,ok,0.045972292
tests/regress/mcsat/bv/op_bvadd_5.smt2,ok,0.033313792
tests/regress/mcsat/bv/op_bvmul_5.smt2,ok,0.050290208
tests/regress/mcsat/bv/op_bvneg_1.smt2,ok,0.028851292
tests/regress/mcsat/bv/op_bvneg_2.smt2,ok,0.064483625
tests/regress/mcsat/bv/op_bvneg_3.smt2,ok,0.029330417
tests/regress/mcsat/bv/op_bvneg_4.smt2,ok,0.050957375
tests/regress/mcsat/bv/op_bvneg_5.smt2,ok,0.105614750
tests/regress/mcsat/bv/op_bvnot_1.smt2,ok,0.076430958
tests/regress/mcsat/bv/op_bvnot_2.smt2,ok,0.067603375
tests/regress/mcsat/bv/op_bvnot_3.smt2,ok,0.041711583
tests/regress/mcsat/bv/op_bvnot_4.smt2,ok,0.023917708
tests/regress/mcsat/bv/op_bvnot_5.smt2,ok,0.045059541
tests/regress/mcsat/bv/op_bvor_1.smt2,ok,0.034534459
tests/regress/mcsat/bv/op_bvor_2.smt2,ok,0.025987916
tests/regress/mcsat/bv/op_bvor_3.smt2,ok,0.030712084
tests/regress/mcsat/bv/op_bvor_4.smt2,ok,0.041195792
tests/regress/mcsat/bv/op_bvor_5.smt2,ok,0.036582208
tests/regress/mcsat/bv/op_bvshl_1.smt2,ok,0.048181959
tests/regress/mcsat/bv/op_bvshl_2.smt2,ok,0.077429583
tests/regress/mcsat/bv/op_bvshl_3.smt2,ok,0.039809459
tests/regress/mcsat/bv/op_bvshl_4.smt2,ok,0.027536083
tests/regress/mcsat/bv/op_bvshl_5.smt2,ok,0.028644375
tests/regress/mcsat/bv/op_bvudiv_1.smt2,ok,0.037575541
tests/regress/mcsat/bv/op_bvudiv_2.smt2,ok,0.062624375
tests/regress/mcsat/bv/op_bvudiv_3.smt2,ok,0.064313000
tests/regress/mcsat/bv/op_bvudiv_4.smt2,ok,0.049713917
tests/regress/mcsat/bv/op_bvudiv_5.smt2,ok,0.026031334
tests/regress/mcsat/bv/op_bvult_1.smt2,ok,0.030534625
tests/regress/mcsat/bv/op_bvult_2.smt2,ok,0.030986958
tests/regress/mcsat/bv/op_bvult_3.smt2,ok,0.028492208
tests/regress/mcsat/bv/op_bvult_4.smt2,ok,0.026501666
tests/regress/mcsat/bv/op_bvult_5.smt2,ok,0.030680167
tests/regress/mcsat/bv/op_concat_1.smt2,ok,0.035105167
tests/regress/mcsat/bv/op_concat_2.smt2,ok,0.119575583
tests/regress/mcsat/bv/op_concat_3.smt2,ok,0.065117958
tests/regress/mcsat/bv/op_concat_4.smt2,ok,0.100094333
tests/regress/mcsat/bv/op_concat_5.smt2,ok,0.037514667
tests/regress/mcsat/bv/op_extract_1.smt2,ok,0.085358750
tests/regress/mcsat/bv/op_extract_2.smt2,ok,0.063759625
tests/regress/mcsat/bv/op_extract_3.smt2,ok,0.087932125
tests/regress/mcsat/bv/op_extract_4.smt2,ok,0.107663542
tests/regress/mcsat/bv/op_extract_5.smt2,ok,0.069541167
tests/regress/mcsat/bv/problem_20.smt2.dd.smt2,ok,0.094726459
tests/regress/mcsat/bv/problem_23.smt2.dd.smt2,ok,0.080263875
tests/regress/mcsat/bv/run_00000.trace.Alloc_zero__011273.smt2,ok,0.060655708
tests/regress/mcsat/bv/run_03230.trace.cond_025360_0x41820e_00.smt2,ok,0.174340583
tests/regress/mcsat/bv/sdiv.32.smt2,ok,0.063498084
tests/regress/mcsat/bv/shift1add.10000.smt2,ok,0.338515416
tests/regress/mcsat/bv/shift1add.20967.smt2,ok,0.515903792
tests/regress/mcsat/bv/shift1add.28943.smt2,ok,0.380704208
tests/regress/mcsat/bv/simple0.smt2,ok,0.620664625
tests/regress/mcsat/bv/simple1.smt2,ok,0.020921083
tests/regress/mcsat/bv/simple10.smt2,ok,0.087799375
tests/regress/mcsat/bv/simple2.smt2,ok,0.021808917
tests/regress/mcsat/bv/simple3.smt2,ok,0.043703125
tests/regress/mcsat/bv/simple4.smt2,ok,0.024205709
tests/regress/mcsat/bv/simple5.smt2,ok,0.024261542
tests/regress/mcsat/bv/simple6.smt2,ok,0.045898667
tests/regress/mcsat/bv/simple7.smt2,ok,0.043968167
tests/regress/mcsat/bv/simple8.smt2,ok,0.039655959
tests/regress/mcsat/bv/simple_processors_002_002_0008.smt2,ok,0.873093833
tests/regress/mcsat/bv/simple_processors_006_004_0004.smt2.dd.smt2,ok,0.038201333
tests/regress/mcsat/bv/smt2017-1.smt2,ok,0.068694958
tests/regress/mcsat/bv/smt2017-2.smt2,ok,0.041813666
tests/regress/mcsat/bv/smt2017-3.smt2,ok,0.064643208
tests/regress/mcsat/bv/solve_bvadd_lhs.smt2,ok,0.064280875
tests/regress/mcsat/bv/solve_bvadd_rhs.smt2,ok,0.061253625
tests/regress/mcsat/bv/solve_bvand_lhs.smt2,ok,0.078955000
tests/regress/mcsat/bv/solve_bvand_rhs.smt2,ok,0.054605458
tests/regress/mcsat/bv/solve_bvashr_lhs.smt2,ok,0.031883709
tests/regress/mcsat/bv/solve_bvashr_lhs1.smt2,ok,0.031227208
tests/regress/mcsat/bv/solve_bvashr_rhs.smt2,ok,0.038302333
tests/regress/mcsat/bv/solve_bvcomp_lhs.smt2,ok,0.030248708
tests/regress/mcsat/bv/solve_bvcomp_rhs.smt2,ok,0.031338667
tests/regress/mcsat/bv/solve_bvlshr_lhs.smt2,ok,0.049921500
tests/regress/mcsat/bv/solve_bvlshr_rhs.smt2,ok,0.034329250
tests/regress/mcsat/bv/solve_bvmul_lhs.smt2,ok,0.060998000
tests/regress/mcsat/bv/solve_bvmul_rhs.smt2,ok,0.025365375
tests/regress/mcsat/bv/solve_bvnand_lhs.smt2,ok,0.059329792
tests/regress/mcsat/bv/solve_bvnand_rhs.smt2,ok,0.041513750
tests/regress/mcsat/bv/solve_bvneg.smt2,ok,0.079429625
tests/regress/mcsat/bv/solve_bvnor_lhs.smt2,ok,0.045668959
tests/regress/mcsat/bv/solve_bvnor_rhs.smt2,ok,0.080072958
tests/regress/mcsat/bv/solve_bvnot.smt2,ok,0.050648834
tests/regress/mcsat/bv/solve_bvor_lhs.smt2,ok,0.030294459
tests/regress/mcsat/bv/solve_bvor_rhs.smt2,ok,0.085909583
tests/regress/mcsat/bv/solve_bvsdiv_lhs.smt2,ok,0.042201958
tests/regress/mcsat/bv/solve_bvsdiv_rhs.smt2,ok,0.036496250
tests/regress/mcsat/bv/solve_bvsge_lhs.smt2,ok,0.032392583
tests/regress/mcsat/bv/solve_bvsge_rhs.smt2,ok,0.073288292
tests/regress/mcsat/bv/solve_bvsgt_lhs.smt2,ok,0.039864333
tests/regress/mcsat/bv/solve_bvsgt_rhs.smt2,ok,0.033728291
tests/regress/mcsat/bv/solve_bvshl_lhs.smt2,ok,0.029678500
tests/regress/mcsat/bv/solve_bvshl_rhs.smt2,ok,0.038542292
tests/regress/mcsat/bv/solve_bvsle_lhs.smt2,ok,0.043296333
tests/regress/mcsat/bv/solve_bvsle_rhs.smt2,ok,0.152982291
tests/regress/mcsat/bv/solve_bvslt_lhs.smt2,ok,0.036034084
tests/regress/mcsat/bv/solve_bvslt_rhs.smt2,ok,0.051963417
tests/regress/mcsat/bv/solve_bvsmod_lhs.smt2,ok,0.056448208
tests/regress/mcsat/bv/solve_bvsmod_rhs.smt2,ok,0.074068625
tests/regress/mcsat/bv/solve_bvsmod_rhs1.smt2,ok,0.049913500
tests/regress/mcsat/bv/solve_bvsrem_lhs.smt2,ok,0.062322458
tests/regress/mcsat/bv/solve_bvsrem_rhs.smt2,ok,0.073191250
tests/regress/mcsat/bv/solve_bvsub_lhs.smt2,ok,0.039361041
tests/regress/mcsat/bv/solve_bvsub_rhs.smt2,ok,0.044074625
tests/regress/mcsat/bv/solve_bvudiv_lhs.smt2,ok,0.032317625
tests/regress/mcsat/bv/solve_bvudiv_rhs.smt2,ok,0.051486292
tests/regress/mcsat/bv/solve_bvuge_lhs.smt2,ok,0.029729459
tests/regress/mcsat/bv/solve_bvuge_rhs.smt2,ok,0.024750250
tests/regress/mcsat/bv/solve_bvugt_lhs.smt2,ok,0.024794208
tests/regress/mcsat/bv/solve_bvugt_rhs.smt2,ok,0.035399459
tests/regress/mcsat/bv/solve_bvule_lhs.smt2,ok,0.025258875
tests/regress/mcsat/bv/solve_bvule_rhs.smt2,ok,0.031580417
tests/regress/mcsat/bv/solve_bvult_lhs.smt2,ok,0.036640334
tests/regress/mcsat/bv/solve_bvult_rhs.smt2,ok,0.042209500
tests/regress/mcsat/bv/solve_bvurem_lhs.smt2,ok,0.031676916
tests/regress/mcsat/bv/solve_bvurem_rhs.smt2,ok,0.062877375
tests/regress/mcsat/bv/solve_bvxnor_lhs.smt2,ok,0.043051584
tests/regress/mcsat/bv/solve_bvxnor_rhs.smt2,ok,0.039362167
tests/regress/mcsat/bv/solve_bvxor_lhs.smt2,ok,0.037380959
tests/regress/mcsat/bv/solve_bvxor_rhs.smt2,ok,0.047629459
tests/regress/mcsat/bv/solve_concat_lhs.smt2,ok,0.074604333
tests/regress/mcsat/bv/solve_concat_rhs.smt2,ok,0.032976417
tests/regress/mcsat/bv/solve_repeat.smt2,ok,0.027973542
tests/regress/mcsat/bv/solve_rotate_left.smt2,ok,0.028008041
tests/regress/mcsat/bv/solve_rotate_right.smt2,ok,0.031793792
tests/regress/mcsat/bv/solve_sign_extend.smt2,ok,0.024692083
tests/regress/mcsat/bv/solve_zero_extend.smt2,ok,0.026375167
tests/regress/mcsat/bv/sort.smt2,ok,0.626089959
tests/regress/mcsat/bv/test_bit_ite.smt2,ok,0.072642292
tests/regress/mcsat/bv/test_bit_ite_neg.smt2,ok,0.101827083
tests/regress/mcsat/bv/test_bitselect.smt2,ok,0.077742458
tests/regress/mcsat/bv/test_bvarray.smt2,ok,0.093946333
tests/regress/mcsat/bv/test_bvarray_bool.smt2,ok,0.050781167
tests/regress/mcsat/bv/test_bvarray_bool2.smt2,ok,0.100351375
tests/regress/mcsat/bv/try5_small_true_functions_flanagansaxe_mv.dev_info_compare.il.flanagansaxe.smt2,ok,0.065324000
tests/regress/mcsat/bv/unconstrained05.smt2,ok,0.077997250
tests/regress/mcsat/bv/uum4.smt2,ok,0.086798708
tests/regress/mcsat/bv/xinetd_xinetd_vc18132.smt2,ok,0.040825750
tests/regress/mcsat/bv/y.smt2,ok,2.673655375
tests/regress/mcsat/issue320.ys,ok,0.037699458
tests/regress/mcsat/issue337.smt2,ok,0.053644292
tests/regress/mcsat/issue400.smt2,ok,0.046131125
tests/regress/mcsat/lia/lira_00.smt2,ok,0.033799792
tests/regress/mcsat/lra/assumptions/issue244.smt2,ok,0.051355125
tests/regress/mcsat/lra/assumptions/test01m.smt2,ok,0.036551708
tests/regress/mcsat/lra/assumptions/test02m.smt2,ok,0.066701083
tests/regress/mcsat/lra/assumptions/test03m.smt2,ok,0.050266083
tests/regress/mcsat/lra/assumptions/test04m.smt2,ok,0.392771583
tests/regress/mcsat/lra/assumptions/test05m.smt2,ok,0.022962459
tests/regress/mcsat/lra/assumptions/test06m.smt2,ok,0.024544833
tests/regress/mcsat/lra/assumptions/test07m.smt2,ok,0.032264916
tests/regress/mcsat/lra/assumptions/test08m.smt2,ok,0.052632334
tests/regress/mcsat/lra/assumptions/test09m.smt2,ok,0.050434750
tests/regress/mcsat/lra/assumptions/test10m.smt2,ok,0.034677959
tests/regress/mcsat/lra/incremental/MOESI_all_e3_2032_e3_2788.ec.2.smt2,ok,0.076017250
tests/regress/mcsat/lra/incremental/fail.00.smt2,ok,0.064858167
tests/regress/mcsat/lra/incremental/issue338.a.smt2,ok,0.065513875
tests/regress/mcsat/lra/incremental/issue338.b.smt2,ok,0.079534458
tests/regress/mcsat/lra/incremental/issue338.c.smt2,ok,0.039927125
tests/regress/mcsat/nia/assumptions/issue243.smt2,ok,0.040084167
tests/regress/mcsat/nia/assumptions/issue265.smt2,ok,0.037659375
tests/regress/mcsat/nia/issue334.smt2,ok,0.065488208
tests/regress/mcsat/nra/assumptions/issue347.smt2,ok,0.133490500
tests/regress/mcsat/nra/incremental/parallel_workers_00.smt2,ok,0.028827709
tests/regress/mcsat/nra/issue204.smt2,ok,0.168117167
tests/regress/mcsat/scalars.ys,ok,0.046645292
tests/regress/mcsat/uf/10u05.04.smt2,ok,5.579485833
tests/regress/mcsat/uf/NEQ004_size5.smt2,ok,0.951583667
tests/regress/mcsat/uf/PEQ012_size3.smt2,ok,0.324970583
tests/regress/mcsat/uf/QF_UF_h_segments_ab_cti_max.smt2,ok,0.017140667
tests/regress/mcsat/uf/QF_UF_leader_filters.1.prop1_ab_cti_max.smt2,ok,0.025385042
tests/regress/mcsat/uf/assumptions/issue272.smt2,ok,0.018287041
tests/regress/mcsat/uf/eq_diamond12.smt2,ok,0.025936833
tests/regress/mcsat/uf/eq_diamond23.smt2,ok,0.412978791
tests/regress/mcsat/uf/eq_diamond7.smt2,ok,0.035267292
tests/regress/mcsat/uf/fuzz01.smt2,ok,0.033142083
tests/regress/mcsat/uf/fuzz02.smt2,ok,0.030609250
tests/regress/mcsat/uf/fuzz03.smt2,ok,0.034934375
tests/regress/mcsat/uf/fuzz04.smt2,ok,0.025542083
tests/regress/mcsat/uf/fuzz05.smt2,ok,0.032506583
tests/regress/mcsat/uf/fuzz06.smt2,ok,0.058227875
tests/regress/mcsat/uf/fuzz07.smt2,ok,0.047808667
tests/regress/mcsat/uf/gensys_icl017.smt2,ok,0.095663583
tests/regress/mcsat/uf/incremental/MOESI_all_e3_2032_e3_2788.ec.2.smt2,ok,0.082173833
tests/regress/mcsat/uf/incremental/MOESI_all_e3_2032_e3_2788.ec.2.unsat.unsat.smt2,ok,0.071053708
tests/regress/mcsat/uf/incremental/MOESI_all_e3_2032_e3_2788.ec.smt2,ok,3.530945584
tests/regress/mcsat/uf/incremental/_6counters.ec.smt2,ok,0.376455042
tests/regress/mcsat/uf/incremental/cpachecker-bmc.alias_of_return.c_true-unreach-call_1.i.smt2,ok,0.056261083
tests/regress/mcsat/uf/incremental/cpachecker-bmc.elevator_spec14_product03_true-unreach-call.cil.c.smt2,ok,0.095810958
tests/regress/mcsat/uf/incremental/cpachecker-bmc.merge_sort_false-unreach-call.i.smt2,ok,0.119581583
tests/regress/mcsat/uf/incremental/cpachecker-bmc.rule57_ebda_blast.c_false-unreach-call.i.smt2,ok,0.056231750
tests/regress/mcsat/uf/incremental/cpachecker-bmc.sum02_true-unreach-call.i.smt2,ok,0.096459458
tests/regress/mcsat/uf/incremental/issue339.smt2,ok,0.059226167
tests/regress/mcsat/uf/incremental/media-video-cx88-cx88-vp3054-i2c.ko-ldv_main0_sequence_infinite_withcheck_stateful.cil.out.c.smt2,ok,0.046441333
tests/regress/mcsat/uf/incremental/metros_1_e1_846_e1_1317.ec.smt2,ok,0.092336500
tests/regress/mcsat/uf/incremental/microwave01.ec.smt2,ok,0.258453208
tests/regress/mcsat/uf/incremental/platform-x86-intel_menlow.ko-ldv_main0_sequence_infinite_withcheck_stateful.cil.out.c.smt2,ok,0.055216000
tests/regress/mcsat/uf/incremental/two_counters_e1_268.ec.smt2,ok,0.062534084
tests/regress/mcsat/uf/incremental/uf_01.smt2,ok,0.024107667
tests/regress/mcsat/uf/incremental/uf_02.smt2,ok,0.038722917
tests/regress/mcsat/uf/incremental/uf_03.smt2,ok,0.036572584
tests/regress/mcsat/uf/incremental/uf_04.smt2,ok,0.029413292
tests/regress/mcsat/uf/incremental/uf_05.smt2,ok,0.029126292
tests/regress/mcsat/uf/incremental/ufnra_00.smt2,ok,0.027023833
tests/regress/mcsat/uf/incremental/ufnra_01.smt2,ok,0.025497250
tests/regress/mcsat/uf/incremental/ufnra_04.smt2,ok,0.051122708
tests/regress/mcsat/uf/incremental/ufnra_05.smt2,ok,0.067316584
tests/regress/mcsat/uf/incremental/ufnra_06.smt2,ok,0.220238833
tests/regress/mcsat/uf/iso_brn045.smt2,ok,1.717746084
tests/regress/mcsat/uf/iso_brn045.smt2.dd.smt2,ok,0.042545459
tests/regress/mcsat/uf/iso_brn1186.smt2,ok,0.103928625
tests/regress/mcsat/uf/issue160.smt2,ok,0.039417250
tests/regress/mcsat/uf/issue169.smt2,ok,0.088702458
tests/regress/mcsat/uf/issue317.smt2,ok,0.038614792
tests/regress/mcsat/uf/issue318.smt2,ok,0.050332500
tests/regress/mcsat/uf/issue319.smt2,ok,0.032627458
tests/regress/mcsat/uf/issue340.smt2,ok,0.092557291
tests/regress/mcsat/uf/uf_00.smt2,ok,0.045663333
tests/regress/mcsat/uf/uf_01.smt2,ok,0.082544875
tests/regress/mcsat/uf/uf_02.smt2,ok,0.097180166
tests/regress/mcsat/uf/uf_03.smt2,ok,0.074465583
tests/regress/mcsat/uf/uf_04.smt2,ok,0.058791541
tests/regress/mcsat/uf/uf_05.smt2,ok,0.056067166
tests/regress/mcsat/uf/ufnra_07.smt2,ok,0.047395167
tests/regress/mcsat/ufbv/fuzz01.smt2,ok,0.068266541
tests/regress/mcsat/ufbv/fuzz02.smt2,ok,0.111821375
tests/regress/mcsat/ufbv/fuzz04.smt2,ok,0.092608375
tests/regress/mcsat/ufbv/fuzz05.smt2,ok,0.038358750
tests/regress/mcsat/ufbv/fuzz06.smt2,ok,0.033900041
tests/regress/mcsat/ufbv/fuzz07.smt2,ok,0.051924750
tests/regress/mcsat/ufbv/fuzz08.smt2,ok,0.038070375
tests/regress/mcsat/ufbv/fuzz09.smt2,ok,0.037170292
tests/regress/mcsat/ufbv/issue188.smt2,ok,0.023361667
tests/regress/mcsat/ufbv/issue270.smt2,ok,0.026969292
tests/regress/mcsat/unsat1.smt2,ok,0.027991709
tests/regress/mcsat/unsat2.smt2,ok,0.025130208
